0;Masha0;9990;aaa@gmail.com;;Name1,Name2 123.5:
1;Masha1;9991;aaa@gmail.com;;Name1,Name2 123.5:
2;Masha2;9992;aaa@gmail.com;;Name1,Name2 123.5:
0;Masha0;9990;aaa@gmail.com;;Name1,Name2 123.5:
1;Masha1;9991;aaa@gmail.com;;Name1,Name2 123.5:
2;Masha2;9992;aaa@gmail.com;;Name1,Name2 123.5:
0;Masha0;9990;aaa@gmail.com;;Name1,Name2 123.5:
1;Masha1;9991;aaa@gmail.com;;Name1,Name2 123.5:
2;Masha2;9992;aaa@gmail.com;;Name1,Name2 123.5:
0;Masha0;9990;aaa@gmail.com;;Name1,Name2 123.5:
1;Masha1;9991;aaa@gmail.com;;Name1,Name2 123.5:
2;Masha2;9992;aaa@gmail.com;;Name1,Name2 123.5:
0;Masha0;9990;aaa@gmail.com;;Name1,Name2 123.5:
1;Masha1;9991;aaa@gmail.com;;Name1,Name2 123.5:
2;Masha2;9992;aaa@gmail.com;;Name1,Name2 123.5:
0;Masha0;9990;aaa@gmail.com;;Name1,Name2 123.5:
1;Masha1;9991;aaa@gmail.com;;Name1,Name2 123.5:
2;Masha2;9992;aaa@gmail.com;;Name1,Name2 123.5:
0;Masha0;9990;aaa@gmail.com;;Name1,Name2 123.5:
1;Masha1;9991;aaa@gmail.com;;Name1,Name2 123.5:
2;Masha2;9992;aaa@gmail.com;;Name1,Name2 123.5:
0;Masha0;9990;aaa@gmail.com;;Name1,Name2 123.5:
1;Masha1;9991;aaa@gmail.com;;Name1,Name2 123.5:
2;Masha2;9992;aaa@gmail.com;;Name1,Name2 123.5:
0;Masha0;9990;aaa@gmail.com;;Name1,Name2 123.5:
1;Masha1;9991;aaa@gmail.com;;Name1,Name2 123.5:
2;Masha2;9992;aaa@gmail.com;;Name1,Name2 123.5:
0;Masha0;9990;aaa@gmail.com;;Name1,Name2 123.5:
1;Masha1;9991;aaa@gmail.com;;Name1,Name2 123.5:
2;Masha2;9992;aaa@gmail.com;;Name1,Name2 123.5:
0;Masha0;9990;aaa@gmail.com;;Name1,Name2 123.5:
1;Masha1;9991;aaa@gmail.com;;Name1,Name2 123.5:
2;Masha2;9992;aaa@gmail.com;;Name1,Name2 123.5:
0;Masha0;9990;aaa@gmail.com;;Name1,Name2 123.5:
1;Masha1;9991;aaa@gmail.com;;Name1,Name2 123.5:
2;Masha2;9992;aaa@gmail.com;;Name1,Name2 123.5:
0;Masha0;9990;aaa@gmail.com;;Name1,Name2 123.5:
1;Masha1;9991;aaa@gmail.com;;Name1,Name2 123.5:
2;Masha2;9992;aaa@gmail.com;;Name1,Name2 123.5:
0;Masha0;9990;aaa@gmail.com;;Name1,Name2 123.5:
1;Masha1;9991;aaa@gmail.com;;Name1,Name2 123.5:
2;Masha2;9992;aaa@gmail.com;;Name1,Name2 123.5:
0;Masha0;9990;aaa@gmail.com;;Name1,Name2 123.5:
1;Masha1;9991;aaa@gmail.com;;Name1,Name2 123.5:
2;Masha2;9992;aaa@gmail.com;;Name1,Name2 123.5:
0;Masha0;9990;aaa@gmail.com;;Name1,Name2 123.5:
1;Masha1;9991;aaa@gmail.com;;Name1,Name2 123.5:
2;Masha2;9992;aaa@gmail.com;;Name1,Name2 123.5:
0;Masha0;9990;aaa@gmail.com;;Name1,Name2 123.5:
1;Masha1;9991;aaa@gmail.com;;Name1,Name2 123.5:
2;Masha2;9992;aaa@gmail.com;;Name1,Name2 123.5:
